Name,Bronze PR,Bronze WR,Silver PR,Silver WR,Gold PR,Gold WR,Platinum PR,Platinum WR,Diamond PR,Diamond WR,Grandmaster PR,Grandmaster WR,Celestial+ PR,Celestial+ WR
Cloak & Dagger,25.37%,49.22%,27.59%,48.54%,28.56%,48.66%,28.22%,48.67%,25.69%,48.25%,18.97%,46.69%,8.29%,42.44%
Jeff the Land Shark,18.16%,46.99%,16.85%,47.85%,15.31%,48.63%,13.88%,49.79%,13.20%,50.99%,13.25%,52.09%,14.23%,52.74%
Emma Frost,15.88%,49.10%,17.64%,48.65%,16.42%,49.45%,14.36%,50.20%,12.57%,50.46%,11.45%,50.62%,14.96%,51.05%
Invisible Woman,13.57%,48.28%,14.09%,47.69%,15.27%,47.70%,16.24%,47.71%,16.70%,47.93%,16.93%,48.00%,16.68%,47.93%
Luna Snow,13.05%,48.48%,12.96%,47.71%,13.16%,46.83%,14.52%,46.38%,16.42%,46.42%,19.63%,47.41%,23.65%,48.12%
Doctor Strange,12.54%,49.99%,14.57%,49.66%,17.16%,49.88%,20.24%,49.89%,22.25%,49.79%,21.71%,49.20%,15.62%,47.87%
Rocket Raccoon,12.38%,55.69%,14.56%,55.61%,16.06%,55.50%,16.91%,55.67%,18.36%,55.87%,21.13%,55.49%,24.70%,54.03%
Peni Parker,11.37%,53.35%,11.38%,54.14%,9.94%,55.12%,7.02%,56.62%,5.17%,58.06%,4.09%,58.58%,3.36%,58.31%
Magneto,10.43%,48.74%,11.83%,48.19%,13.65%,47.94%,15.91%,47.73%,18.66%,48.01%,22.55%,48.98%,27.92%,49.90%
Venom,9.55%,47.87%,8.31%,48.88%,7.74%,49.75%,7.50%,50.80%,7.20%,51.93%,7.21%,53.15%,8.63%,53.15%
ANGELA,9.34%,54.20%,7.49%,54.94%,6.47%,55.11%,6.09%,55.44%,6.20%,55.40%,6.69%,54.92%,7.88%,54.16%
Moon Knight,8.64%,47.80%,9.40%,47.66%,10.36%,48.21%,10.38%,48.70%,9.18%,48.61%,6.41%,47.52%,2.81%,45.04%
Thor,8.45%,52.73%,8.38%,52.47%,8.91%,52.51%,9.37%,52.49%,8.97%,52.20%,7.84%,51.78%,5.65%,49.41%
DAREDEVIL,7.99%,54.66%,7.57%,55.03%,6.11%,54.63%,5.53%,54.20%,5.73%,53.87%,5.99%,53.83%,6.33%,54.90%
The Punisher,7.71%,46.73%,7.29%,47.02%,7.58%,47.17%,8.01%,46.90%,7.86%,46.55%,7.35%,46.27%,5.51%,45.41%
Groot,7.17%,49.31%,6.70%,48.99%,6.35%,48.51%,5.88%,48.83%,5.14%,49.77%,4.58%,50.84%,4.68%,52.77%
Scarlet Witch,6.98%,45.69%,6.68%,45.73%,6.61%,46.60%,5.49%,47.31%,3.56%,47.01%,1.62%,45.50%,0.50%,41.32%
Hela,6.86%,54.07%,8.18%,53.59%,6.40%,53.34%,4.73%,53.78%,4.83%,53.39%,5.66%,52.73%,8.73%,51.78%
Winter Soldier,6.26%,50.95%,6.67%,50.18%,7.64%,49.87%,9.01%,49.05%,10.02%,48.15%,10.75%,47.92%,12.59%,47.14%
The Thing,6.20%,47.24%,5.78%,46.92%,5.76%,47.07%,5.68%,46.94%,4.97%,45.94%,3.66%,44.48%,1.69%,42.57%
Mantis,6.19%,53.55%,5.29%,54.28%,4.43%,54.23%,3.82%,53.97%,3.57%,53.32%,4.06%,53.75%,6.48%,54.82%
Iron Man,5.69%,48.97%,5.66%,49.66%,5.57%,50.78%,5.25%,51.15%,4.74%,50.44%,3.36%,48.76%,1.15%,45.64%
Psylocke,5.55%,51.00%,5.04%,51.66%,5.14%,52.17%,5.69%,51.98%,6.45%,52.08%,7.51%,52.40%,9.91%,52.86%
Squirrel Girl,5.38%,42.82%,5.74%,42.25%,5.80%,42.55%,4.74%,42.60%,2.99%,41.05%,1.47%,38.25%,0.71%,37.18%
Namor,4.79%,49.69%,6.23%,49.28%,6.09%,48.39%,5.61%,47.76%,5.48%,47.63%,5.15%,47.82%,4.97%,48.78%
Ultron,4.66%,54.42%,3.38%,53.80%,2.71%,51.89%,2.40%,49.32%,2.29%,46.60%,2.27%,44.10%,1.78%,41.82%
Spider- Man,4.60%,53.06%,4.13%,53.23%,4.04%,52.42%,4.38%,51.36%,4.95%,50.43%,5.73%,49.84%,6.27%,48.59%
Captain America,4.58%,49.15%,3.69%,49.69%,3.19%,50.97%,2.88%,51.34%,2.67%,52.26%,3.03%,53.16%,4.53%,53.15%
Hulk,4.49%,51.42%,4.23%,52.54%,4.41%,53.37%,5.09%,53.80%,6.21%,54.01%,7.18%,53.18%,5.08%,50.41%
Star-Lord,4.37%,49.02%,3.79%,50.75%,3.90%,52.05%,4.19%,52.36%,4.80%,52.57%,6.64%,52.06%,9.12%,51.59%
Phoenix,4.13%,48.67%,3.65%,47.75%,3.88%,46.82%,4.16%,45.96%,4.40%,46.06%,5.63%,46.97%,8.45%,47.77%
BLADE,3.51%,49.71%,2.73%,49.64%,2.55%,49.32%,2.43%,48.92%,2.26%,47.71%,2.00%,45.77%,1.19%,41.84%
Magik,3.39%,56.65%,3.42%,57.18%,3.63%,57.56%,4.11%,57.39%,4.54%,57.41%,5.08%,56.50%,4.22%,54.71%
Loki,3.37%,47.69%,2.55%,47.50%,2.18%,46.45%,1.87%,45.72%,1.63%,45.47%,1.39%,44.90%,1.06%,46.75%
Adam Warlock,3.25%,52.35%,2.73%,52.31%,2.32%,50.19%,2.14%,48.84%,2.15%,47.45%,2.37%,46.95%,3.12%,47.56%
Hawkeye,2.38%,48.79%,1.98%,49.95%,2.06%,49.58%,2.33%,48.67%,2.66%,48.38%,2.79%,47.83%,1.74%,44.42%
Black Panther,2.35%,56.99%,2.47%,57.11%,2.23%,56.24%,2.26%,54.70%,2.72%,52.36%,2.92%,50.10%,1.76%,46.11%
Mister Fantastic,2.19%,53.32%,2.52%,52.17%,2.80%,51.91%,2.84%,51.71%,2.55%,51.46%,2.16%,50.82%,1.90%,49.19%
Iron Fist,2.16%,50.05%,2.03%,50.97%,2.26%,51.33%,2.68%,51.35%,3.53%,51.60%,4.69%,51.54%,5.72%,51.35%
Black Widow,1.41%,46.88%,1.20%,47.27%,1.23%,43.96%,1.37%,41.11%,1.56%,40.02%,2.00%,41.37%,2.44%,42.78%
Wolverine,1.38%,46.89%,1.40%,46.75%,1.58%,46.94%,1.89%,46.39%,2.18%,45.88%,2.37%,45.61%,2.20%,45.91%
Storm,1.37%,53.45%,1.59%,54.46%,1.96%,54.74%,2.33%,54.91%,2.46%,54.81%,2.17%,53.65%,1.28%,52.57%
Human Torch,0.89%,40.77%,0.61%,44.06%,0.59%,44.50%,0.57%,44.49%,0.55%,45.54%,0.54%,45.43%,0.52%,46.82%
